listing_id,company,role_title,function,eligibility,eligibility_reason,source_type,source_name,location,date_posted,date_discovered,deadline,apply_url,priority
trowepriceclientservicesinternshipprogram,T. Rowe Price,2027 Client Services Internship Program,business,match,underclassman signal + known function,workday,T. Rowe Price,"Owings Mills, MD",Posted 8 Days Ago,2026-09-12,,https://troweprice.wd5.myworkdayjobs.com/en-US/TRowePrice/job/Owings-Mills-MD/XMLNAME-2027-Client-Services-Internship-Program_82698,TRUE
trowepricecontrollersglobaltaxgroupinternshipprogram,T. Rowe Price,2027 Controllers & Global Tax Group Internship Program,unclassified,review,"eligible year, but function unclear",workday,T. Rowe Price,"Owings Mills, MD",Posted 8 Days Ago,2026-09-12,,https://troweprice.wd5.myworkdayjobs.com/en-US/TRowePrice/job/Owings-Mills-MD/XMLNAME-2027-Controllers---Global-Tax-Group-Internship-Program_82683,TRUE
trowepricedigitalassetsstrategyinternshipprogram,T. Rowe Price,2027 Digital Assets Strategy Internship Program,business,match,underclassman signal + known function,workday,T. Rowe Price,"Baltimore, MD",Posted 8 Days Ago,2026-09-12,,https://troweprice.wd5.myworkdayjobs.com/en-US/TRowePrice/job/Baltimore-MD/XMLNAME-2027-Digital-Assets-Strategy-Internship-Program_83497,TRUE
trowepricefinancialplanninganalysisinternshipprogram,T. Rowe Price,2027 Financial Planning & Analysis Internship Program,business,match,underclassman signal + known function,workday,T. Rowe Price,"Owings Mills, MD",Posted 8 Days Ago,2026-09-12,,https://troweprice.wd5.myworkdayjobs.com/en-US/TRowePrice/job/Owings-Mills-MD/XMLNAME-2027-Financial-Planning---Analysis-Internship-Program_82681,TRUE
trowepricefundaccountinginternshipprogram,T. Rowe Price,2027 Fund Accounting Internship Program,business,match,underclassman signal + known function,workday,T. Rowe Price,"Owings Mills, MD",Posted 8 Days Ago,2026-09-12,,https://troweprice.wd5.myworkdayjobs.com/en-US/TRowePrice/job/Owings-Mills-MD/XMLNAME-2027-Fund-Accounting-Internship-Program_82679,TRUE
trowepriceglobaltradinginternshipprogram,T. Rowe Price,2027 Global Trading Internship Program,unclassified,review,"eligible year, but function unclear",workday,T. Rowe Price,"Baltimore, MD",Posted 8 Days Ago,2026-09-12,,https://troweprice.wd5.myworkdayjobs.com/en-US/TRowePrice/job/Baltimore-MD/XMLNAME-2027-Global-Trading-Internship-Program_82718,TRUE
trowepriceinvestmentoperationsinternshipprogram,T. Rowe Price,2027 Investment Operations Internship Program,business,match,underclassman signal + known function,workday,T. Rowe Price,"Owings Mills, MD",Posted 8 Days Ago,2026-09-12,,https://troweprice.wd5.myworkdayjobs.com/en-US/TRowePrice/job/Owings-Mills-MD/XMLNAME-2027-Investment-Operations-Internship-Program_82680,TRUE
trowepricequantitativeequityinvestinginternshipprogram,T. Rowe Price,2027 Quantitative Equity Investing Internship Program,unclassified,review,"eligible year, but function unclear",workday,T. Rowe Price,"Baltimore, MD",Posted 8 Days Ago,2026-09-12,,https://troweprice.wd5.myworkdayjobs.com/en-US/TRowePrice/job/Baltimore-MD/XMLNAME-2027-Quantitative-Equity-Investing-Internship-Program_82699,TRUE
trowepricesalesclientengagementinternshipprogram,T. Rowe Price,2027 Sales & Client Engagement Internship Program,business,match,underclassman signal + known function,workday,T. Rowe Price,3 Locations,Posted 8 Days Ago,2026-09-12,,https://troweprice.wd5.myworkdayjobs.com/en-US/TRowePrice/job/Baltimore-MD/XMLNAME-2027-Sales---Client-Engagement-Internship-Program_82674,TRUE
federalreservesystempaymentsforumintern,Federal Reserve System,Payments Forum Intern - Spring/Summer 2027,unclassified,review,"eligible year, but function unclear",workday,Federal Reserve System,2 Locations,Posted 4 Days Ago,2026-09-12,,https://rb.wd5.myworkdayjobs.com/en-US/FRS/job/Atlanta-GA/Payments-Forum-Intern---Spring-Summer-2027_R-0000033343-1,TRUE
federalreservesysteminternexecutiveofficeprocesssimplificationautomati,Federal Reserve System,2027 Summer Intern - Executive Office - Process Simplification & Automation - Sophomore,unclassified,review,"eligible year, but function unclear",workday,Federal Reserve System,"New York, NY",Posted 11 Days Ago,2026-09-12,,https://rb.wd5.myworkdayjobs.com/en-US/FRS/job/New-York-NY/XMLNAME-2027-Summer-Intern---Executive-Office----Process-Simplification---Automation---Sophomore_R-0000033100,TRUE
federalreservesysteminternshipsupervisionandriskmanagementomaha,Federal Reserve System,"Internship, Supervision and Risk Management (SRM)- Summer 2027- Omaha",business,match,underclassman signal + known function,workday,Federal Reserve System,"Omaha, NE",Posted 11 Days Ago,2026-09-12,,https://rb.wd5.myworkdayjobs.com/en-US/FRS/job/Omaha-NE/Internship--Supervision-and-Risk-Management--SRM---Summer-2027--Omaha_R-0000033267-1,TRUE
federalreservesysteminternshipsupervisionandriskmanagementdenver,Federal Reserve System,"Internship, Supervision and Risk Management (SRM)- Summer 2027- Denver",business,match,underclassman signal + known function,workday,Federal Reserve System,"Denver, CO",Posted 11 Days Ago,2026-09-12,,https://rb.wd5.myworkdayjobs.com/en-US/FRS/job/Denver-CO/Internship--Supervision-and-Risk-Management--SRM---Summer-2027--Denver_R-0000033268,TRUE
federalreservesysteminternshipsupervisionandriskmanagementoklahomacity,Federal Reserve System,"Internship, Supervision and Risk Management (SRM)- Summer 2027- Oklahoma City",business,match,underclassman signal + known function,workday,Federal Reserve System,"Oklahoma City, OK",Posted 11 Days Ago,2026-09-12,,https://rb.wd5.myworkdayjobs.com/en-US/FRS/job/Oklahoma-City-OK/Internship--Supervision-and-Risk-Management--SRM---Summer-2027--Oklahoma-City_R-0000033264-1,TRUE
federalreservesysteminternshipsupervisionandriskmanagementkansascity,Federal Reserve System,"Internship, Supervision and Risk Management (SRM)- Summer 2027- Kansas City",business,match,underclassman signal + known function,workday,Federal Reserve System,"Kansas City, MO",Posted 11 Days Ago,2026-09-12,,https://rb.wd5.myworkdayjobs.com/en-US/FRS/job/Kansas-City-MO/Internship--Supervision-and-Risk-Management--SRM---Summer-2027--Kansas-City_R-0000033269-1,TRUE
federalreservesysteminternpeopleengagementgroupgraduate,Federal Reserve System,2027 Summer Intern - People & Engagement Group - Graduate,unclassified,review,"eligible year, but function unclear",workday,Federal Reserve System,"New York, NY",Posted 11 Days Ago,2026-09-12,,https://rb.wd5.myworkdayjobs.com/en-US/FRS/job/New-York-NY/XMLNAME-2027-Summer-Intern---People---Engagement-Group---Graduate_R-0000033123,TRUE
federalreservesysteminternpeopleengagementgroupjunior,Federal Reserve System,2027 Summer Intern - People & Engagement Group - Junior,unclassified,review,"eligible year, but function unclear",workday,Federal Reserve System,"New York, NY",Posted 11 Days Ago,2026-09-12,,https://rb.wd5.myworkdayjobs.com/en-US/FRS/job/New-York-NY/XMLNAME-2027-Summer-Intern---People---Engagement-Group---Junior_R-0000033122,TRUE
federalreservesysteminternshipanalyst,Federal Reserve System,"Internship, Analyst – Summer 2027",unclassified,review,"eligible year, but function unclear",workday,Federal Reserve System,"Kansas City, MO",Posted 11 Days Ago,2026-09-12,,https://rb.wd5.myworkdayjobs.com/en-US/FRS/job/Kansas-City-MO/Internship--Analyst---Summer-2027_R-0000033129-1,TRUE
federalreservesysteminternmarketsgroupnewyorkinnovationcentergraduatei,Federal Reserve System,2027 Summer Intern - Markets Group - New York Innovation Center - Graduate Intern,unclassified,review,"eligible year, but function unclear",workday,Federal Reserve System,"New York, NY",Posted 11 Days Ago,2026-09-12,,https://rb.wd5.myworkdayjobs.com/en-US/FRS/job/New-York-NY/XMLNAME-2027-Summer-Intern----Markets-Group---New-York-Innovation-Center---Graduate-Intern_R-0000033034,TRUE
federalreservesysteminternmarketsgroupchicagojuniorintern,Federal Reserve System,2027 Summer Intern - Markets Group - Chicago - Junior Intern,unclassified,review,"eligible year, but function unclear",workday,Federal Reserve System,"Chicago, IL",Posted 11 Days Ago,2026-09-12,,https://rb.wd5.myworkdayjobs.com/en-US/FRS/job/Chicago-IL/XMLNAME-2027-Summer-Intern----Markets-Group---Chicago---Junior-Intern_R-0000033030,TRUE
federalreservesysteminternmarketsgroupchicagograduateintern,Federal Reserve System,2027 Summer Intern - Markets Group - Chicago -Graduate Intern,unclassified,review,"eligible year, but function unclear",workday,Federal Reserve System,"Chicago, IL",Posted 11 Days Ago,2026-09-12,,https://rb.wd5.myworkdayjobs.com/en-US/FRS/job/Chicago-IL/XMLNAME-2027-Summer-Intern----Markets-Group---Chicago--Graduate-Intern_R-0000033031,TRUE
federalreservesysteminternauditgroupjuniorintern,Federal Reserve System,2027 Summer Intern - Audit Group - Junior Intern,business,match,underclassman signal + known function,workday,Federal Reserve System,"New York, NY",Posted 11 Days Ago,2026-09-12,,https://rb.wd5.myworkdayjobs.com/en-US/FRS/job/New-York-NY/XMLNAME-2027-Summer-Intern----Audit-Group---Junior-Intern_R-0000033011,TRUE
federalreservesysteminternauditgroupsophomoreintern,Federal Reserve System,2027 Summer Intern - Audit Group - Sophomore Intern,business,match,underclassman signal + known function,workday,Federal Reserve System,"New York, NY",Posted 11 Days Ago,2026-09-12,,https://rb.wd5.myworkdayjobs.com/en-US/FRS/job/New-York-NY/XMLNAME-2027-Summer-Intern----Audit-Group---Sophomore-Intern_R-0000033010,TRUE
federalreservesysteminterncommunicationsoutreachsophomoreintern,Federal Reserve System,2027 Summer Intern - Communications & Outreach - Sophomore Intern,unclassified,review,"eligible year, but function unclear",workday,Federal Reserve System,"New York, NY",Posted 11 Days Ago,2026-09-12,,https://rb.wd5.myworkdayjobs.com/en-US/FRS/job/New-York-NY/XMLNAME-2027-Summer-Intern----Communications---Outreach---Sophomore-Intern_R-0000033022,TRUE
federalreservesysteminternlegalcompliancegroupsophomoreintern,Federal Reserve System,2027 Summer Intern - Legal & Compliance Group - Sophomore Intern,unclassified,review,"eligible year, but function unclear",workday,Federal Reserve System,"New York, NY",Posted 11 Days Ago,2026-09-12,,https://rb.wd5.myworkdayjobs.com/en-US/FRS/job/New-York-NY/XMLNAME-2027-Summer-Intern----Legal---Compliance-Group---Sophomore-Intern_R-0000033018,TRUE
federalreservesysteminternmarketsgroupnewyorkjuniorintern,Federal Reserve System,2027 Summer Intern - Markets Group - New York - Junior Intern,unclassified,review,"eligible year, but function unclear",workday,Federal Reserve System,"New York, NY",Posted 11 Days Ago,2026-09-12,,https://rb.wd5.myworkdayjobs.com/en-US/FRS/job/New-York-NY/XMLNAME-2027-Summer-Intern----Markets-Group---New-York---Junior-Intern_R-0000033032,TRUE
federalreservesysteminternoperationsresiliencysophomoreintern,Federal Reserve System,2027 Summer Intern - Operations & Resiliency - Sophomore Intern,business,match,underclassman signal + known function,workday,Federal Reserve System,"New York, NY",Posted 11 Days Ago,2026-09-12,,https://rb.wd5.myworkdayjobs.com/en-US/FRS/job/New-York-NY/XMLNAME-2027-Summer-Intern----Operations---Resiliency---Sophomore-Intern_R-0000033019,TRUE
federalreservesysteminternresearchgroupjuniorintern,Federal Reserve System,2027 Summer Intern - Research Group - Junior Intern,unclassified,review,"eligible year, but function unclear",workday,Federal Reserve System,"New York, NY",Posted 11 Days Ago,2026-09-12,,https://rb.wd5.myworkdayjobs.com/en-US/FRS/job/New-York-NY/XMLNAME-2027-Summer-Intern----Research-Group---Junior-Intern_R-0000033023,TRUE
federalreservesysteminternriskgroupsophomoreintern,Federal Reserve System,2027 Summer Intern - Risk Group - Sophomore Intern,business,match,underclassman signal + known function,workday,Federal Reserve System,"New York, NY",Posted 11 Days Ago,2026-09-12,,https://rb.wd5.myworkdayjobs.com/en-US/FRS/job/New-York-NY/XMLNAME-2027-Summer-Intern----Risk-Group---Sophomore-Intern_R-0000033020,TRUE
federalreservesysteminternstatisticssophomoreintern,Federal Reserve System,2027 Summer Intern - Statistics - Sophomore Intern,econ_policy,match,underclassman signal + known function,workday,Federal Reserve System,"New York, NY",Posted 11 Days Ago,2026-09-12,,https://rb.wd5.myworkdayjobs.com/en-US/FRS/job/New-York-NY/XMLNAME-2027-Summer-Intern----Statistics---Sophomore-Intern_R-0000033027,TRUE
federalreservesysteminterncorporategroupsophomore,Federal Reserve System,2027 Summer Intern - Corporate Group - Sophomore,business,match,underclassman signal + known function,workday,Federal Reserve System,"New York, NY",Posted 11 Days Ago,2026-09-12,,https://rb.wd5.myworkdayjobs.com/en-US/FRS/job/New-York-NY/XMLNAME-2027-Summer-Intern---Corporate-Group---Sophomore_R-0000033121,TRUE
federalreservesysteminternexecutiveofficestrategyoperatingservicesjuni,Federal Reserve System,2027 Summer Intern - Executive Office - Strategy & Operating Services- Junior,business,match,underclassman signal + known function,workday,Federal Reserve System,"New York, NY",Posted 11 Days Ago,2026-09-12,,https://rb.wd5.myworkdayjobs.com/en-US/FRS/job/New-York-NY/XMLNAME-2027-Summer-Intern---Executive-Office---Strategy---Operating-Services--Junior_R-0000033101,TRUE
federalreservesysteminternmarketsgroupnewyorkgraduateintern,Federal Reserve System,2027 Summer Intern - Markets Group - New York - Graduate Intern,unclassified,review,"eligible year, but function unclear",workday,Federal Reserve System,"New York, NY",Posted 11 Days Ago,2026-09-12,,https://rb.wd5.myworkdayjobs.com/en-US/FRS/job/New-York-NY/XMLNAME-2027-Summer-Intern---Markets-Group---New-York---Graduate-Intern_R-0000033033,TRUE
federalreservesysteminternresearchgroupsophomoreintern,Federal Reserve System,2027 Summer Intern - Research Group - Sophomore Intern,unclassified,review,"eligible year, but function unclear",workday,Federal Reserve System,"New York, NY",Posted 11 Days Ago,2026-09-12,,https://rb.wd5.myworkdayjobs.com/en-US/FRS/job/New-York-NY/XMLNAME-2027-Summer-Intern---Research-Group---Sophomore-Intern_R-0000033024,TRUE
federalreservesysteminternsupervisiongroupgraduate,Federal Reserve System,2027 Summer Intern - Supervision Group - Graduate,unclassified,review,"eligible year, but function unclear",workday,Federal Reserve System,"New York, NY",Posted 11 Days Ago,2026-09-12,,https://rb.wd5.myworkdayjobs.com/en-US/FRS/job/New-York-NY/XMLNAME-2027-Summer-Intern---Supervision-Group---Graduate_R-0000033118,TRUE
federalreservesysteminternsupervisiongroupjunior,Federal Reserve System,2027 Summer Intern - Supervision Group - Junior,unclassified,review,"eligible year, but function unclear",workday,Federal Reserve System,"New York, NY",Posted 11 Days Ago,2026-09-12,,https://rb.wd5.myworkdayjobs.com/en-US/FRS/job/New-York-NY/XMLNAME-2027-Summer-Intern---Supervision-Group---Junior_R-0000033104,TRUE
federalreservesysteminternsupervisiongroupsophomore,Federal Reserve System,2027 Summer Intern - Supervision Group - Sophomore,unclassified,review,"eligible year, but function unclear",workday,Federal Reserve System,"New York, NY",Posted 11 Days Ago,2026-09-12,,https://rb.wd5.myworkdayjobs.com/en-US/FRS/job/New-York-NY/XMLNAME-2027-Summer-Intern---Supervision-Group---Sophomore_R-0000033102-1,TRUE
federalreservesysteminterntechnologygroupjunior,Federal Reserve System,2027 Summer Intern - Technology Group - Junior,unclassified,review,"eligible year, but function unclear",workday,Federal Reserve System,"New York, NY",Posted 11 Days Ago,2026-09-12,,https://rb.wd5.myworkdayjobs.com/en-US/FRS/job/New-York-NY/XMLNAME-2027-Summer-Intern---Technology-Group---Junior_R-0000033072,TRUE
federalreservesysteminterntechnologygroupsophomore,Federal Reserve System,2027 Summer Intern - Technology Group - Sophomore,unclassified,review,"eligible year, but function unclear",workday,Federal Reserve System,"New York, NY",Posted 11 Days Ago,2026-09-12,,https://rb.wd5.myworkdayjobs.com/en-US/FRS/job/New-York-NY/XMLNAME-2027-Summer-Intern---Technology-Group---Sophomore_R-0000033071-1,TRUE
federalreservesysteminterngroupsharedservicessophomoreintern,Federal Reserve System,2027 Summer Intern -Group Shared Services- Sophomore Intern,unclassified,review,"eligible year, but function unclear",workday,Federal Reserve System,"New York, NY",Posted 11 Days Ago,2026-09-12,,https://rb.wd5.myworkdayjobs.com/en-US/FRS/job/New-York-NY/XMLNAME-2027-Summer-Intern--Research--Group-Shared-Services--Sophomore-Intern_R-0000033025,TRUE
federalreservesystemfederalreservetechnicalinternship,Federal Reserve System,Federal Reserve Summer Technical 2027 Internship,unclassified,review,"eligible year, but function unclear",workday,Federal Reserve System,"Richmond, VA",Posted 15 Days Ago,2026-09-12,,https://rb.wd5.myworkdayjobs.com/en-US/FRS/job/Richmond-VA/Federal-Reserve-Summer-2027-Technical-Internship_R-0000033194,TRUE
federalreservesystemfederalreservebusinessinternship,Federal Reserve System,Federal Reserve Summer Business 2027 Internship,business,match,underclassman signal + known function,workday,Federal Reserve System,"Richmond, VA",Posted 16 Days Ago,2026-09-12,,https://rb.wd5.myworkdayjobs.com/en-US/FRS/job/Richmond-VA/Federal-Reserve-Summer-Business-2027-Internship_R-0000033190,TRUE
vanguardcollegetocorporateitinternshiprisksecurityengineer,Vanguard,College to Corporate IT Internship - Risk & Security - Engineer (PA),business,review,no class-year stated - check eligibility,workday,Vanguard,"Malvern, PA",Posted Yesterday,2026-09-12,,https://vanguard.wd5.myworkdayjobs.com/en-US/vanguard_external/job/Charlotte-NC/College-to-Corporate-IT-Internship---Risk---Security---Engineer---NC-_177688-1,FALSE
vanguardcollegetocorporateitinternshiprisksecurityanalyst,Vanguard,College to Corporate IT Internship - Risk & Security - Analyst (NC),business,review,no class-year stated - check eligibility,workday,Vanguard,"Charlotte, NC",Posted Yesterday,2026-09-12,,https://vanguard.wd5.myworkdayjobs.com/en-US/vanguard_external/job/Malvern-PA/College-to-Corporate-IT-Internship---Risk---Security---Analyst---PA-_181762,FALSE
vanguardcollegetocorporateitinternshipapplicationdevelopment,Vanguard,College to Corporate IT Internship - Application Development (NC),business,review,no class-year stated - check eligibility,workday,Vanguard,"Charlotte, NC",Posted 3 Days Ago,2026-09-12,,https://vanguard.wd5.myworkdayjobs.com/en-US/vanguard_external/job/DallasFt-Worth-TX/College-to-Corporate-IT-Internship---Application-Development---TX-_181846,FALSE
vanguardcollegetocorporateitinternshiptechnicalproductmanager,Vanguard,College to Corporate IT Internship - Technical Product Manager,business,review,no class-year stated - check eligibility,workday,Vanguard,3 Locations,Posted 11 Days Ago,2026-09-12,,https://vanguard.wd5.myworkdayjobs.com/en-US/vanguard_external/job/Malvern-PA/College-to-Corporate-IT-Internship---Technical-Product-Manager_181969,FALSE
vanguardacceleratedcareerdevelopmentprogramprojectmanagementpathwaysen,Vanguard,"Accelerated Career Development Program, Project Management Pathway, Senior Associate (AZ)",unclassified,review,no class-year stated and function unclear,workday,Vanguard,"Scottsdale, AZ",Posted 11 Days Ago,2026-09-12,,https://vanguard.wd5.myworkdayjobs.com/en-US/vanguard_external/job/Malvern-PA/Accelerated-Career-Development-Program--Project-Management-Pathway--Senior-Associate--PA-_179574-1,FALSE
vanguardacceleratedcareerdevelopmentprogramproductpathwayseniorassocia,Vanguard,"Accelerated Career Development Program, Product Pathway, Senior Associate",business,review,no class-year stated - check eligibility,workday,Vanguard,2 Locations,Posted 11 Days Ago,2026-09-12,,https://vanguard.wd5.myworkdayjobs.com/en-US/vanguard_external/job/Malvern-PA/Accelerated-Career-Development-Program--Product-Pathway--Senior-Associate_182014,FALSE
vanguardfinancialadvisordevelopmentprogram,Vanguard,Financial Advisor Development Program,business,review,no class-year stated - check eligibility,workday,Vanguard,4 Locations,Posted 11 Days Ago,2026-09-12,,https://vanguard.wd5.myworkdayjobs.com/en-US/vanguard_external/job/Malvern-PA/Financial-Advisor-Development-Program_179225,FALSE
vanguardcollegetocorporateitinternshipdatascience,Vanguard,College to Corporate IT Internship - Data Science (PA),business,review,no class-year stated - check eligibility,workday,Vanguard,"Malvern, PA",Posted 12 Days Ago,2026-09-12,,https://vanguard.wd5.myworkdayjobs.com/en-US/vanguard_external/job/Charlotte-NC/College-to-Corporate-IT-Internship---Data-Science--NC-_181765,FALSE
vanguardcollegetocorporateinternshipfinance,Vanguard,College to Corporate Internship - Finance,business,review,no class-year stated - check eligibility,workday,Vanguard,"Malvern, PA",Posted 12 Days Ago,2026-09-12,,https://vanguard.wd5.myworkdayjobs.com/en-US/vanguard_external/job/Malvern-PA/College-to-Corporate-Internship---Finance_180047-1,FALSE
vanguardacceleratedcareerdevelopmentprogramsalespathwayseniorassociate,Vanguard,"Accelerated Career Development Program, Sales Pathway, Senior Associate (PA)",business,review,no class-year stated - check eligibility,workday,Vanguard,"Malvern, PA",Posted 12 Days Ago,2026-09-12,,https://vanguard.wd5.myworkdayjobs.com/en-US/vanguard_external/job/Malvern-PA/Accelerated-Career-Development-Program--Sales-Pathway--Senior-Associate--PA-_179565-1,FALSE
vanguardinternc2cbusinessleadership,Vanguard,Intern - C2C Business Leadership,business,review,no class-year stated - check eligibility,workday,Vanguard,3 Locations,Posted 12 Days Ago,2026-09-12,,https://vanguard.wd5.myworkdayjobs.com/en-US/vanguard_external/job/Malvern-PA/Intern---C2C-Business-Leadership_182016,FALSE
vanguardinternc2csales,Vanguard,Intern- C2C Sales,business,review,no class-year stated - check eligibility,workday,Vanguard,3 Locations,Posted 12 Days Ago,2026-09-12,,https://vanguard.wd5.myworkdayjobs.com/en-US/vanguard_external/job/Malvern-PA/Intern--C2C-Sales_182018,FALSE
vanguardcollegetocorporateitinternshipdataanalyst,Vanguard,College to Corporate IT Internship - Data Analyst (NC),business,review,no class-year stated - check eligibility,workday,Vanguard,"Charlotte, NC",Posted 15 Days Ago,2026-09-12,,https://vanguard.wd5.myworkdayjobs.com/en-US/vanguard_external/job/Charlotte-NC/College-to-Corporate-IT-Internship---Data-Analyst--NC-_181767,FALSE
vanguardcollegetocorporateitinternshiptechnologyoperations,Vanguard,College to Corporate IT Internship - Technology Operations (PA),business,review,no class-year stated - check eligibility,workday,Vanguard,"Malvern, PA",Posted 16 Days Ago,2026-09-12,,https://vanguard.wd5.myworkdayjobs.com/en-US/vanguard_external/job/Malvern-PA/College-to-Corporate-IT-Internship---Technology-Operations--PA-_181788,FALSE
vanguardcollegetocorporateinternshipapplicationdevelopment,Vanguard,College to Corporate Internship - Application Development (PA),business,review,no class-year stated - check eligibility,workday,Vanguard,"Malvern, PA",Posted 26 Days Ago,2026-09-12,,https://vanguard.wd5.myworkdayjobs.com/en-US/vanguard_external/job/Malvern-PA/College-to-Corporate-Internship---Application-Development--PA-_177644-1,FALSE
vanguardcollegetocorporateitinternshipinvestmentsystems,Vanguard,College to Corporate IT Internship - Investment Systems (PA),business,review,no class-year stated - check eligibility,workday,Vanguard,"Malvern, PA",Posted 26 Days Ago,2026-09-12,,https://vanguard.wd5.myworkdayjobs.com/en-US/vanguard_external/job/Malvern-PA/College-to-Corporate-IT-Internship---Investment-Systems--PA-_177685-1,FALSE
federalreservesystemgraduateinternstatisticalanalysis,Federal Reserve System,Graduate Intern - Statistical Analysis,econ_policy,review,no class-year stated - check eligibility,workday,Federal Reserve System,"Boston, MA",Posted 30+ Days Ago,2026-09-12,,https://rb.wd5.myworkdayjobs.com/en-US/FRS/job/Boston-MA/Graduate-Intern---Statistical-Analysis_R-0000032931,FALSE
federalreservesystemtalentorganizationaldevelopmentprogrammanager,Federal Reserve System,Talent & Organizational Development Program Manager,unclassified,review,no class-year stated and function unclear,workday,Federal Reserve System,"Philadelphia, PA",Posted 30+ Days Ago,2026-09-12,,https://rb.wd5.myworkdayjobs.com/en-US/FRS/job/Philadelphia-PA/Talent---Organizational-Development-Program-Manager_R-0000032867,FALSE
federalreservesystemprojectmanagementengineeringconstructioncoop,Federal Reserve System,Project Management /Engineering Construction Co-Op (hourly/non-benefit),unclassified,review,no class-year stated and function unclear,workday,Federal Reserve System,"Philadelphia, PA",Posted 30+ Days Ago,2026-09-12,,https://rb.wd5.myworkdayjobs.com/en-US/FRS/job/Philadelphia-PA/Project-Management--Engineering-Construction-Co-Op--hourly-non-benefit-_R-0000032079,FALSE
